"","Date","Antimony.","Arsenic.","Aluminum.","Barium.","Bromine.","Cadmium.","Calcium.","Chromium.","Cobalt.","Copper.","Chlorine.","Cerium.","Cesium.","Iron.","Lead.","Indium.","Manganese.","Nickel.","Magnesium.","Phosphorus.","Selenium.","Tin.","Titanium.","Vanadium.","Silicon.","Silver.","Zinc.","Strontium.","Rubidium.","Zirconium.","Ammonium","Sodium","Potassium","Nitrate","OC","EC","Sulfate.","PM2.5"
"1","2013-01-04",0,0,0.016,0,0.0029,0,0.0458,0.002,0.001,0.002,0.0152,0,0,0.0793,0.007,0,0.003,0.004,0,0,0,0,0,0,0.037,0,0.0296,0,0.001,0,2.24,0.035,0.02,3.91,2.31,0.905,2.82,14.6
"2","2013-01-10",0.032,0,0,0,0.001,0,0.0479,0.001,0.001,0.001,0.005,0,0,0.104,0.003,0,0.003,0.004,0,0,0,0,0.002,0,0.028,0.001,0.0223,0,0,0,0.479,0.036,0,0.86,2.08,0.977,0.95,7.4
"3","2013-01-13",0,0,0,0,0.0018,0.002,0.0261,0.001,0.001,0.0067,0.0209,0,0,0.116,0,0,0.002,0.006,0,0,0,0,0.004,0.003,0.0135,0,0.0261,0,0,0,1.57,0.07,0.054,3.01,3.22,1.68,3.58,18.2
"4","2013-01-16",0.005,0.001,0.006,0,0.0033,0,0.0576,0.004,0,0.0072,0.0425,0,0,0.122,0.004,0,0.003,0.006,0.0132,0,0,0,0.002,0.002,0.035,0,0.0526,0,0,0.001,1.33,0.067,0.045,2.75,2.63,1.58,2.06,14
"5","2013-01-25",0,0,0.032,0,0.0052,0,0.121,0.001,0,0.0095,0.0963,0,0,0.137,0.011,0.009,0.004,0.007,0.008,0.005,0,0,0.001,0.003,0.073,0,0.102,0,0,0,1.05,0.144,0.02,3.03,2.47,0.892,1.26,11.5
"6","2013-01-31",0,0.001,0,0,0.0017,0,0.0295,0.003,0,0.001,0.0744,0,0,0.0745,0,0,0.001,0.002,0.006,0,0,0,0,0.001,0.026,0.001,0.0097,0,0,0,0.326,0.144,0,0.487,1.4,0.451,0.822,4.2
"7","2013-02-03",0.061,0,0,0,0.0081,0,0.0401,0.003,0.001,0.004,0.0372,0,0,0.0706,0.002,0,0.002,0.006,0,0,0,0,0,0,0.0209,0,0.0391,0,0,0,2.82,0.064,0.05,6.24,3.28,0.86,3.03,19.7
"8","2013-02-06",0,0,0.078,0,0.0069,0.001,0.0757,0.053,0.0022,0.0114,0.0465,0,0,0.31,0.005,0,0.006,0.023,0,0,0.001,0,0.004,0.001,0.076,0,0.0448,0,0.001,0,2.87,0.063,0.052,6.03,3.41,1.21,3.07,19.8
"9","2013-02-09",0,0.002,0.011,0,0.002,0,0.0254,0,0,0.001,0.009,0,0.001,0.0321,0,0,0,0.004,0.009,0,0.001,0,0.002,0.001,0.021,0,0.0145,0,0,0,0.156,0.06,0.02,0.418,1.99,0.462,0.927,4.9
"10","2013-02-12",0.011,0.001,0,0,0.0029,0,0.0282,0.008,0.001,0.0043,0.005,0,0,0.101,0,0,0.001,0.003,0.0126,0,0,0.007,0,0,0.038,0,0.0197,0,0,0,1.26,0.079,0.02,1.37,2.01,0.655,2.9,9.5
"11","2013-02-21",0.005,0,0.006,0,0.0014,0,0.0398,0,0,0.0017,0.005,0,0,0.0713,0.001,0,0.003,0.005,0,0,0,0.009,0.002,0,0.0332,0,0.0157,0.0063,0,0,0.387,0.09,0,0.43,1.56,0.49,1.03,5.5
"12","2013-02-24",0,0,0,0,0.0032,0,0.0404,0.001,0.0021,0.0034,0.003,0,0,0.0478,0,0.005,0.001,0.005,0,0,0,0,0.004,0.001,0.011,0,0.0221,0,0,0.002,1.03,0.0403,0.0252,1.85,2.01,0.736,2.2,9.5
"13","2013-02-27",0,0.001,0,0,0.0019,0,0.025,0.004,0,0.0025,0.0174,0,0,0.0749,0,0.008,0.002,0.004,0,0,0,0.021,0.002,0,0.007,0,0.0212,0,0,0,0.385,0.106,0,0.884,1.68,0.879,1.1,7
"14","2013-03-02",0.019,0,0.005,0,0.001,0,0.0272,0,0.001,0.001,0,0,0,0.0436,0,0,0.001,0.003,0,0,0,0,0,0,0.008,0,0.0096,0,0,0,0.251,0.023,0,0.599,1.89,0.396,0.782,4.5
"15","2013-03-05",0,0,0,0,0.002,0.004,0.0331,0.001,0.0017,0.002,0.0082,0.001,0.001,0.102,0,0,0.002,0.004,0,0,0,0.004,0.003,0,0.037,0,0.0157,0.001,0,0,0.543,0.085,0,1.49,1.6,0.743,1.31,6.7
"16","2013-03-08",0,0,0,0,0.0038,0.013,0.0413,0,0.001,0.001,0.003,0,0,0.0488,0.004,0,0.001,0.006,0.021,0,0,0.001,0,0.002,0.02,0,0.0285,0,0,0,0.224,0.113,0.0324,0.89,1.74,0.849,0.675,7
"17","2013-03-14",0,0,0,0,0.0028,0.008,0.023,0.001,0.001,0.001,0.002,0,0,0.0749,0,0,0,0.004,0,0,0,0,0.003,0,0.0264,0,0.0085,0,0,0,0.341,0.16,0,0.39,1.47,0.452,0.962,4.4
"18","2013-03-17",0,0,0.004,0.003,0.0023,0,0.035,0.003,0.0016,0.0016,0.003,0,0,0.0465,0,0,0,0.005,0,0.001,0,0.002,0,0.002,0.019,0,0.0119,0,0,0.0083,0.609,0.136,0.02,0.988,1.92,0.483,1.38,6
"19","2013-03-20",0,0.001,0.059,0,0.0027,0,0.0321,0.005,0.001,0.002,0.008,0,0,0.0964,0,0,0.001,0.004,0.004,0,0,0.005,0,0.001,0.049,0,0.0127,0,0,0,1.29,0.044,0,2.29,2.94,0.596,2.32,8.8
"20","2013-03-23",0,0.001,0,0,0.0023,0.011,0.0178,0.002,0.0015,0,0,0,0,0.0434,0,0,0,0.003,0,0,0.001,0,0,0.001,0.018,0,0.0056,0,0,0,0.567,0.029,0,0.554,1.61,0.993,1.44,5.4
"21","2013-03-26",0,0,0.02,0,0.0028,0,0.0254,0.002,0,0.0023,0.004,0,0,0.0753,0,0,0,0.004,0.012,0,0,0,0,0,0.023,0,0.0128,0,0.001,0,0.326,0.04,0.028,0.783,2.05,1.67,0.76,6.2
"22","2013-03-29",0,0.002,0.002,0,0.001,0,0.0155,0.001,0.0013,0.001,0.006,0,0,0.0666,0,0,0.002,0.004,0.002,0,0,0,0,0,0.02,0,0.0064,0,0,0,0.541,0.06,0.055,0.707,1.92,0.604,1.18,5
"23","2013-04-04",0,0,0.027,0,0.003,0,0.0342,0.001,0.0017,0.0033,0.006,0,0,0.0784,0.001,0.009,0.002,0.002,0,0,0,0.015,0.002,0.001,0.062,0,0.0108,0,0,0.004,0.9,0.068,0,2.43,1.97,0.777,1.58,7
"24","2013-04-07",0,0,0.014,0,0.0032,0,0.0265,0.001,0,0.0019,0.099,0,0,0.0536,0.001,0,0,0.004,0.021,0,0,0,0,0.002,0.058,0,0.0038,0,0,0,0.369,0.53,0.1,0.87,1.54,0.313,1.28,5.2
"25","2013-04-10",0,0,0,0,0.0051,0.007,0.078,0.001,0.0019,0.0078,0.0264,0,0,0.258,0.002,0,0.006,0.004,0,0,0,0.004,0.0106,0.001,0.117,0,0.022,0,0,0,1.28,0.232,0.026,3.62,3.43,1.64,2.21,14.3
"26","2013-04-13",0.011,0,0.004,0,0.001,0,0.0154,0.002,0,0.0032,0.003,0,0,0.104,0,0,0.001,0.006,0,0,0,0,0.002,0,0.0283,0,0.0138,0,0,0,0.786,0.0649,0.0291,2.32,2.56,0.825,0.908,7
"27","2013-04-16",0.005,0,0.005,0.002,0.002,0,0.0292,0.002,0,0.002,0.005,0,0.003,0.0824,0,0,0.001,0,0.015,0,0.001,0.007,0.0046,0.001,0.0317,0,0.006,0,0,0.002,0.249,0.269,0,0.739,1.94,0.687,1.07,5.9
"28","2013-04-19",0,0.001,0.007,0,0,0,0.0202,0,0,0.0041,0.0158,0,0,0.105,0,0,0.003,0.003,0.0162,0,0,0,0.0046,0.001,0.034,0,0.0073,0,0,0,0.456,0.34,0.064,1.23,1.62,0.826,1.67,6.4
"29","2013-04-25",0,0,0.001,0,0.0032,0,0.024,0.001,0,0.002,0.003,0,0,0.0876,0.001,0,0.002,0.001,0,0,0,0,0.0078,0,0.0949,0,0.0064,0,0,0,0.533,0.044,0,0.492,1.52,0.626,1.44,5.7
"30","2013-04-28",0,0,0.055,0.002,0.0053,0,0.0256,0,0,0.0038,0.009,0,0,0.0677,0.001,0,0.001,0.003,0,0,0,0,0.001,0.001,0.087,0,0.005,0,0,0,1.23,0.06,0.031,1.88,2.48,0.812,2.2,9.3
"31","2013-05-04",0,0,0,0.008,0.0028,0.002,0.0303,0,0.001,0.0034,0.225,0,0.009,0.0853,0,0,0.001,0.003,0.054,0,0,0,0,0.002,0.031,0.001,0.0057,0,0,0,0.412,0.573,0.02,1.74,2.13,0.533,1.18,7.8
"32","2013-05-07",0,0,0,0,0.0027,0.014,0.0294,0.002,0,0.0073,0.0278,0,0,0.201,0,0,0.003,0.001,0,0,0.0015,0,0.004,0,0.0555,0,0.0084,0,0,0,0.201,0.21,0.02,1.38,2.04,1.05,0.811,6.8
"33","2013-05-10",0,0,0,0,0.0042,0,0.0153,0.004,0.001,0.0087,0.007,0,0,0.125,0.004,0,0.002,0.004,0,0,0.001,0,0,0.001,0.0491,0,0.0179,0,0,0,1.4,0.07,0.024,2.31,2.99,1.84,2.75,11.7
"34","2013-05-16",0.024,0.001,0.056,0.005,0.0037,0,0.0575,0.001,0,0.009,0.004,0,0.003,0.179,0,0,0,0.005,0,0,0,0.002,0.0085,0.0023,0.134,0.004,0.014,0.002,0,0.002,0.91,0.12,0.094,1.63,3.88,2.26,1.95,13.4
"35","2013-05-19",0.018,0,0.006,0,0.0015,0,0.013,0.005,0.001,0.001,0.0094,0.001,0,0.111,0.002,0,0.001,0.001,0,0,0,0,0.002,0,0.015,0,0.0027,0,0.001,0,0.053,0.11,0.074,0.664,2,0.505,0.51,5.1
"36","2013-05-22",0,0,0.014,0,0.006,0,0.0439,0.005,0.001,0.0081,0.02,0,0,0.255,0.003,0,0.003,0.003,0.019,0,0,0,0.0055,0.002,0.0907,0,0.0173,0,0,0,2.36,0.304,0.032,3.93,5.17,1.92,4.24,19.3
"37","2013-05-25",0,0,0,0,0,0.001,0,0.002,0,0.001,0,0,0,0.0535,0,0,0,0,0,0,0,0,0,0,0.0129,0,0,0,0,0,0.02,0.021,0,0.219,1.38,0.279,0.164,2.3
"38","2013-07-06",0,0.002,0.036,0,0,0,0.0222,0.002,0,0.0053,0.005,0,0,0.0991,0,0,0.003,0.001,0.005,0,0,0,0.003,0.002,0.129,0.005,0.004,0,0,0,0.501,0.117,0.092,0.571,3.05,0.981,2.35,11.6
"39","2013-07-27",0,0,0.005,0,0.0028,0,0.0234,0.006,0,0.002,0.0108,0,0,0.0816,0.005,0,0.001,0.003,0.001,0,0,0,0.002,0.0049,0.04,0,0.0065,0,0.001,0,0.664,0.059,0.025,1.06,3.02,1.07,1.78,10.8
"40","2013-07-30",0,0,0.003,0,0.001,0,0.0091,0.005,0,0.0022,0.006,0,0,0.121,0.001,0,0.002,0.001,0,0,0,0,0,0,0.0402,0,0.0083,0,0,0,0.589,0.08,0.037,0.444,2.32,0.921,1.82,8.4
"41","2013-08-02",0,0.002,0.074,0,0.0026,0,0.0131,0.006,0,0.0053,0.006,0.001,0.002,0.135,0,0,0.001,0.003,0,0,0,0,0.001,0,0.032,0,0.0066,0.001,0,0,0.867,0.0285,0.02,0.905,2.89,1.33,2.56,11.6
"42","2013-08-08",0,0,0.024,0.001,0.004,0,0.0112,0.001,0,0.0035,0.012,0,0,0.0796,0,0,0,0.002,0,0,0,0.008,0,0,0.013,0,0.003,0,0.001,0,0.475,0.177,0.02,0.67,2.49,1.13,1.73,10.1
"43","2013-08-11",0,0,0.002,0,0.0013,0,0.004,0.001,0.001,0.0032,0.002,0,0,0.0763,0.002,0,0.001,0.002,0,0,0,0.021,0,0,0.0211,0,0.0042,0,0,0,0.127,0.042,0.02,0.343,2.61,0.689,0.769,7.3
"44","2013-08-14",0,0,0,0,0.0014,0,0.007,0.002,0,0.001,0.002,0,0,0.103,0,0,0.002,0,0,0,0,0,0,0,0.0327,0,0.0052,0,0,0,0.168,0.04,0.023,0.235,2.2,0.79,0.51,6.9
"45","2013-08-17",0.028,0,0.005,0.01,0.004,0.001,0.0283,0,0,0.004,0.007,0,0,0.091,0.003,0.003,0.004,0.005,0,0,0.001,0.009,0.0044,0.0029,0.0259,0.004,0.007,0.001,0,0.002,0.599,0.045,0.026,0.959,3.36,1.31,1.65,12.5
"46","2013-08-20",0.005,0,0.03,0.007,0.004,0,0.06,0,0.001,0.012,0.011,0,0.003,0.143,0.003,0.004,0.005,0.004,0,0,0.001,0.002,0.0079,0.0029,0.067,0.002,0.031,0,0,0.002,1.13,0.0389,0,1.38,3.98,2.21,2.82,15.9
"47","2013-08-23",0,0,0,0,0.002,0,0.0274,0,0.001,0.0032,0.004,0,0,0.0895,0.002,0,0.003,0.001,0.005,0,0.001,0.002,0,0.001,0.053,0,0.0097,0,0,0,0.554,0.0289,0,0.414,2.7,0.902,2.1,11.2
"48","2013-08-29",0,0.002,0.003,0,0.0015,0,0.007,0,0,0.0046,0.005,0,0.01,0.167,0,0,0.002,0.001,0,0,0.001,0.013,0.0058,0,0.0475,0,0.0094,0,0,0,1.12,0.0622,0.0293,1.84,2.73,1.24,2.36,11
"49","2013-09-01",0,0,0,0,0.0041,0.014,0.0091,0,0,0.0029,0.0246,0,0,0.134,0.002,0,0.001,0.001,0.026,0,0,0,0.002,0.002,0.0267,0,0.0041,0.0069,0.002,0,0.738,0.27,0.045,0.919,3.06,1.04,2.28,12.4
"50","2013-09-04",0,0,0,0,0,0,0.0079,0.007,0,0.0045,0,0,0,0.124,0.004,0,0.002,0.002,0,0,0,0.004,0.002,0,0.0352,0,0.008,0,0,0,0.253,0.026,0,0.363,1.96,0.837,0.944,6.6
"51","2013-09-07",0.03,0,0.026,0.002,0.0055,0.019,0.0408,0,0.001,0.0052,0.0062,0,0,0.0747,0.004,0,0.003,0.003,0.007,0,0.001,0,0,0.003,0.059,0,0.0105,0,0,0.01,0.324,0.05,0.02,0.838,3.03,1.12,0.971,7.9
"52","2013-09-10",0,0,0.011,0,0.002,0,0.0248,0.001,0,0.0026,0.008,0,0.004,0.0773,0.004,0,0.002,0.006,0.001,0,0,0,0.002,0.0041,0.0605,0,0.0101,0,0,0,1.55,0.212,0.037,0.938,2.86,1.55,4.36,15.5
"53","2013-09-13",0,0,0.005,0,0,0,0.0077,0.001,0,0.0025,0.0049,0,0,0.0853,0,0,0,0,0,0,0,0,0,0.002,0.032,0.008,0.0055,0,0,0,0.208,0.0295,0.0243,0.396,2.15,0.833,0.947,4
"54","2013-09-19",0,0.002,0,0,0.0054,0,0.0208,0.043,0,0.0071,0.0081,0,0,0.115,0.003,0,0.001,0.003,0,0,0.001,0,0.0055,0.001,0.0594,0.006,0.0227,0,0,0,0.541,0.077,0,1.59,3.09,1.71,1.18,9.7
"55","2013-09-22",0,0,0,0,0,0.002,0,0.084,0.0014,0.002,0.02,0,0.002,0.0673,0.001,0,0,0,0,0,0,0,0,0,0.017,0,0.0025,0,0,0,0.146,0.0361,0.0274,0.254,1.82,0.344,0.451,4.1
"56","2013-09-28",0,0.001,0.015,0,0.0017,0,0.0137,0.037,0,0.0048,0.001,0,0,0.19,0.001,0,0.003,0.002,0,0,0.001,0,0,0.001,0.046,0.002,0.0164,0,0,0,0.039,0.133,0.047,0.513,2.89,0.867,0.343,5.5
"57","2013-10-01",0,0.002,0,0,0.0047,0.009,0.165,0.074,0.001,0.0088,0.007,0,0,0.162,0.003,0,0.006,0.002,0,0,0,0,0.0091,0.001,0.113,0,0.015,0,0,0,1.35,0.06,0.035,1.29,3.34,1.71,3.32,13.3
"58","2013-10-04",0,0,0.034,0,0.0062,0,0.0451,0,0.001,0.0047,0.0168,0,0,0.219,0.008,0,0.005,0.004,0.027,0,0.001,0,0.002,0.0046,0.097,0,0.0221,0.001,0,0,2.39,0.0903,0.0321,3.67,5.36,2.76,4.21,21.5
"59","2013-10-10",0,0,0,0,0.0021,0,0.0054,0.057,0.001,0.0016,0.02,0,0,0.0676,0,0,0,0.001,0.009,0,0,0,0.002,0,0.021,0,0.0044,0,0,0.004,0.038,0.153,0.0164,0.489,1.79,0.595,0.389,5.1
"60","2013-10-13",0,0,0.012,0,0.0044,0,0.006,0,0,0.002,0.122,0,0,0.105,0,0,0,0.001,0,0,0,0,0,0,0.0313,0,0.0038,0,0,0,0.191,0.33,0.0166,0.455,1.88,0.372,1.04,6.2
"61","2013-10-16",0,0,0,0,0.0037,0.008,0.0339,0,0,0.002,0.0123,0,0.004,0.214,0.001,0,0.002,0.002,0.002,0,0,0,0,0,0.05,0,0.0149,0,0,0,0.467,0.185,0.039,1.42,2.45,1.32,1.07,8
"62","2013-10-19",0,0.003,0.022,0,0.0044,0,0.0447,0,0.001,0.0026,0.008,0,0,0.128,0.005,0,0.002,0.003,0.007,0,0,0,0.003,0.002,0.066,0,0.0174,0,0.001,0.001,1.21,0.045,0.02,1.58,2.96,1.38,2.92,11.6
"63","2013-10-25",0.061,0.002,0.027,0,0.0017,0.005,0.0279,0,0,0.001,0,0,0,0.105,0,0,0,0.001,0,0,0,0,0,0,0.032,0,0.0119,0,0,0,0.384,0.0504,0.0177,0.634,2.48,1.17,1.11,6.1
"64","2013-10-31",0,0.002,0.03,0,0.0063,0,0.0547,0.013,0.0013,0.0051,0.024,0,0,0.18,0,0,0,0.004,0.004,0,0,0,0.001,0.003,0.097,0,0.0239,0.001,0,0,1.97,0.146,0.044,3.01,3.1,1.72,3.62,18.2
"65","2013-11-06",0.006,0,0,0,0.0027,0.001,0.0116,0,0,0.0026,0.0102,0,0,0.0792,0,0,0.001,0.001,0.008,0,0,0,0.003,0,0.025,0,0.0082,0,0,0,0.108,0.162,0.018,0.549,1.83,0.846,0.862,5.6
"66","2013-11-09",0,0,0,0,0.0027,0,0.0062,0.003,0.001,0.0045,0.004,0,0,0.0882,0.005,0,0.002,0.001,0,0,0,0,0,0.001,0.023,0,0.0116,0,0,0.01,0.476,0.025,0.02,0.908,1.91,0.674,0.993,6
"67","2013-11-15",0.015,0.001,0.039,0.003,0.0054,0,0.0847,0,0,0.007,0.025,0,0.005,0.18,0.004,0,0.008,0.005,0.013,0,0,0,0.0074,0.004,0.136,0,0.036,0,0,0.001,1.43,0.1,0.087,4.02,5.1,2.23,1.5,18.6
"68","2013-11-21",0.037,0,0.001,0,0.001,0,0.034,0.003,0,0.0054,0.0082,0,0,0.157,0,0,0.003,0.003,0,0,0.002,0,0,0.003,0.0448,0,0.0293,0,0,0,0.194,0.135,0.036,0.941,1.98,1,0.511,5.7
"69","2013-11-27",0,0,0.029,0,0,0,0.0204,0,0,0.0024,0,0,0,0.0534,0,0.007,0,0.002,0.002,0,0,0,0,0.003,0.035,0,0.0056,0,0,0,0.112,0.154,0.037,0.431,1.55,0.65,0.559,4.1
"70","2013-12-03",0,0,0.012,0,0.0083,0.004,0.0878,0.004,0.0016,0.0158,0.0556,0,0,0.295,0.011,0,0.007,0.013,0,0.011,0,0.013,0.0079,0.004,0.0968,0,0.0842,0,0.001,0,4.13,0.084,0.101,9.13,7.03,3.6,3.24,32.2
"71","2013-12-06",0,0,0,0,0.0025,0,0.018,0.026,0.001,0.0029,0.0232,0,0,0.067,0.001,0,0,0.002,0,0,0,0.019,0,0.002,0.009,0,0.0208,0,0,0,0.916,0.06,0.041,1.9,2.43,0.763,1.62,8.2
"72","2013-12-12",0,0,0.012,0,0.0036,0,0.03,0,0,0.0027,0.003,0,0,0.0687,0.001,0,0.001,0.002,0,0.008,0.001,0,0,0,0.042,0,0.0129,0.001,0,0,0.346,0.439,0.0493,1.9,1.6,0.62,1.6,7.8
"73","2013-12-18",0,0.002,0,0,0.0025,0,0.0312,0,0,0.0046,0.02,0.001,0,0.0838,0,0,0.003,0.003,0,0,0,0.002,0.004,0,0.017,0,0.0206,0,0,0,1.99,0.11,0.081,4.76,3.11,1.05,2.5,16.5
"74","2013-12-21",0,0,0,0,0.0036,0,0.0238,0,0,0.0032,0.0051,0,0,0.0749,0.002,0,0.001,0.002,0.003,0,0,0,0.003,0.002,0.049,0,0.0183,0,0,0,1.01,0.13,0.075,2.53,4.02,1.47,1.47,15.1
"75","2014-01-08",0,0,0,0,0.0038,0,0.0474,0.002,0,0.0056,0.013,0,0,0.106,0.005,0,0.002,0.003,0.009,0,0,0.018,0.004,0.001,0.0385,0,0.0432,0.001,0,0,1.41,0.194,0.031,3.8,2.53,0.884,1.85,12.2
"76","2014-01-11",0,0,0,0.002,0.0031,0,0.0258,0,0,0.0046,0.033,0,0.005,0.0851,0,0,0.001,0.002,0,0,0,0,0,0.002,0.013,0,0.0153,0,0,0,0.303,0.211,0.0524,1.36,3.09,1.95,1.23,9.8
"77","2014-01-17",0,0.002,0,0,0.0044,0,0.0357,0.001,0,0.0064,0.0104,0,0,0.156,0.004,0,0.003,0.003,0,0,0,0,0.004,0.003,0.049,0,0.0263,0,0,0,2.35,0.0537,0.0427,5.43,3.56,1.69,2.55,17.6
"78","2014-02-07",0,0,0.026,0,0.0032,0,0.067,0.002,0.0017,0.0063,0.05,0,0,0.115,0.002,0.019,0.002,0.002,0,0,0.001,0,0.002,0,0.082,0,0.0287,0.001,0.001,0,2.67,0.086,0.071,5.38,2.94,0.883,3.66,16.6
"79","2014-02-13",0,0,0.041,0,0.0037,0,0.123,0.009,0.002,0.002,0.049,0,0,0.0902,0.011,0,0.002,0.027,0,0.0062,0,0.001,0.0292,0.0035,0.0428,0,0.035,0.001,0.001,0,0.354,2.26,0.33,3.25,1.71,1.04,4.05,7.5
"80","2014-02-19",0.028,0,0,0,0.0045,0,0.0273,0,0,0.0094,0.0324,0,0,0.181,0.005,0,0.005,0.004,0.016,0,0.0016,0,0.002,0.003,0.0464,0,0.0362,0,0,0,3.4,0.187,0.0407,6.29,4.95,2.36,4.94,26.2
"81","2014-02-22",0,0,0.007,0,0.0042,0,0.058,0.004,0.0019,0.002,0.012,0,0.004,0.118,0.001,0,0.002,0.007,0.01,0,0.002,0,0.002,0.0051,0.061,0,0.0251,0,0,0,0.901,0.097,0.058,2.51,2.64,1.34,1.25,10.7
"82","2014-03-03",0,0,0.013,0,0.0049,0.006,0.0624,0,0.0015,0.002,0.0395,0.001,0,0.0647,0.002,0,0.001,0.004,0.022,0,0.001,0,0.002,0.001,0.066,0,0.0248,0.001,0,0,0.655,0.271,0.0283,1.15,1.63,0.56,1.44,6.4
"83","2014-03-12",0,0,0.023,0.01,0.0083,0,0.0683,0.001,0.001,0.0115,0.101,0,0,0.262,0.001,0,0.003,0.003,0.009,0,0.002,0.014,0.004,0.002,0.07,0,0.0271,0,0,0.001,2.03,0.244,0.082,4.59,5.38,2.29,2.57,23.2
"84","2014-03-15",0.025,0.001,0.001,0,0.0028,0,0.031,0,0.0017,0,0.002,0,0,0.121,0.001,0,0,0.001,0.008,0,0.002,0,0.002,0,0.044,0,0.0072,0,0.001,0,0.615,0.089,0.041,0.715,2.55,0.666,1.53,7.5
"85","2014-03-27",0,0,0.031,0,0.002,0.02,0.0377,0,0.001,0.0057,0.0115,0,0,0.0832,0.002,0,0,0.002,0.0152,0,0,0,0.002,0,0.057,0.002,0.0131,0,0,0,1.23,0.136,0.042,3.11,1.75,0.654,1.99,5.5
"86","2014-03-30",0.023,0.001,0.004,0,0.0031,0,0.0273,0,0,0.0048,0.003,0,0,0.0385,0,0.001,0,0.007,0.005,0,0,0,0.002,0.002,0.037,0,0.018,0,0,0,0.178,0.107,0.02,1.01,1.13,0.683,0.707,4.2
"87","2014-04-02",0,0.001,0,0,0.0023,0,0.0274,0.001,0.001,0.0047,0.0431,0,0.002,0.185,0.002,0,0.004,0.004,0.02,0,0,0,0.002,0.0041,0.036,0,0.0733,0,0.001,0,1.41,0.127,0.0352,4.43,3.51,1.5,1.18,13.7
"88","2014-04-05",0,0,0.018,0,0.0036,0,0.0245,0,0,0.002,0.004,0,0,0.0763,0.003,0,0.001,0.003,0.0123,0,0,0,0.002,0.001,0.029,0,0.018,0,0.001,0,0.988,0.0994,0.034,1.83,1.81,0.627,1.83,6.6
"89","2014-04-08",0.014,0,0.023,0.0095,0.004,0,0.0698,0.002,0.001,0.0077,0.0153,0,0,0.234,0,0,0.003,0.003,0.0219,0,0,0.029,0.003,0.001,0.054,0,0.0215,0,0,0,0.704,0.0962,0.0331,1.86,2.62,1.78,1.38,8.7
"90","2014-04-11",0,0,0.027,0.004,0.0036,0,0.0445,0.001,0,0.0077,0.0091,0.001,0.001,0.135,0.004,0,0.003,0.003,0.0219,0,0,0.006,0.0048,0.001,0.084,0.02,0.0225,0,0.001,0,1.05,0.072,0.029,1.05,3.21,1.08,2.58,11.6
"91","2014-04-14",0,0,0.002,0,0.0045,0,0.051,0,0.001,0.0022,0.412,0.002,0,0.092,0.002,0,0.001,0.002,0.0871,0,0,0.026,0.0047,0.003,0.081,0,0.0384,0,0,0,0.319,0.539,0.038,0.856,1.68,0.748,1.59,8.7
"92","2014-04-17",0,0,0.012,0.006,0.0029,0,0.035,0.003,0,0.007,0.021,0,0.003,0.172,0.001,0,0.002,0,0,0,0,0.018,0.0046,0,0.0551,0.005,0.008,0,0,0,0.485,0.287,0.0315,0.831,1.8,0.655,1.37,7.5
"93","2014-04-20",0,0,0,0,0.0019,0.006,0.0112,0,0.0018,0.002,0.005,0,0,0.135,0.004,0,0,0.001,0.039,0,0,0,0.003,0,0.051,0,0.0057,0.001,0,0.0128,0.764,0.116,0.033,0.617,2.24,0.454,1.99,8
"94","2014-04-23",0,0,0.034,0,0.001,0,0.0172,0.024,0,0.0033,0.004,0,0,0.124,0,0,0.002,0.007,0,0,0,0,0,0,0.046,0,0.007,0,0,0.003,0.447,0.03,0.019,0.562,1.94,0.458,1.09,5.7
"95","2014-04-26",0.006,0.001,0.007,0,0.0034,0,0.0237,0.003,0,0.002,0.001,0,0,0.122,0,0,0,0.003,0,0,0,0,0,0.001,0.034,0,0.0101,0,0,0,0.943,0.102,0.036,2.24,2.12,0.733,1.45,8.7
"96","2014-04-29",0,0,0.005,0,0.0011,0,0.0414,0,0,0.002,0.0748,0,0,0.132,0.002,0,0.001,0,0.024,0,0,0,0,0,0.024,0,0.0031,0,0,0,0.103,0.387,0.02,0.37,1.13,0.464,0.631,6
"97","2014-05-02",0,0.001,0,0,0.0025,0.007,0.0259,0.002,0,0,0.004,0,0,0.126,0.001,0.005,0.001,0.001,0.001,0,0,0,0.001,0.002,0.069,0,0.0134,0,0,0,1.14,0.028,0,0.717,2.16,0.885,2.9,10.4
"98","2014-05-05",0,0,0,0,0.001,0,0.0114,0.001,0,0.0018,0.002,0,0,0.0879,0.001,0,0.001,0.001,0,0,0,0,0.001,0,0.047,0.001,0.0058,0,0,0,0.212,0.029,0,0.218,1.67,0.587,0.648,7.9
"99","2014-05-08",0,0,0.011,0,0.0024,0,0.0924,0.003,0.0017,0.0046,0.0204,0,0,0.211,0.004,0,0.002,0.002,0.027,0,0.001,0,0,0.002,0.05,0,0.0144,0.001,0,0,1.72,0.079,0.035,5.08,2.74,1.31,1.85,16.4
"100","2014-05-11",0.004,0.001,0.067,0,0.0029,0,0.0305,0,0,0.0038,0,0,0.002,0.135,0.001,0,0.001,0.003,0,0,0,0,0.004,0.003,0.107,0,0.0054,0,0,0,0.451,0.043,0.032,0.439,3.04,0.651,1.28,8.6
"101","2014-05-14",0,0,0.014,0.003,0.0023,0,0.0735,0.002,0,0.007,0.011,0,0.003,0.245,0,0,0.006,0.003,0.042,0.001,0,0,0.0048,0.001,0.052,0.005,0.012,0.001,0,0.001,0.523,0.385,0,1.46,2.07,0.778,1.59,9.3
"102","2014-05-17",0,0.001,0.021,0.005,0.003,0,0.0151,0,0,0.0043,0.006,0,0.002,0.0967,0,0,0.001,0.001,0,0,0,0,0.001,0,0.044,0,0.003,0,0,0,0.761,0.05,0.031,0.355,1.97,0.539,1.99,7.4
"103","2014-05-20",0,0,0.026,0.003,0.0025,0,0.0474,0.007,0,0.003,0.005,0,0.003,0.173,0.001,0,0.001,0.003,0,0,0,0.013,0.001,0,0.114,0,0.0073,0,0,0.002,0.654,0.031,0.034,0.355,2.87,0.921,1.57,9.3
"104","2014-05-23",0.012,0,0.011,0,0.0032,0.001,0.0356,0.004,0,0.0078,0.0103,0,0,0.294,0.007,0,0.006,0.002,0,0,0,0,0.005,0,0.0745,0.012,0.0189,0,0,0,2.05,0.055,0,5.59,2.72,1.49,2.25,15.1
"105","2014-05-29",0,0,0.024,0.002,0.0029,0,0.0268,0,0.002,0.0038,0.005,0,0,0.163,0,0,0.002,0,0.007,0,0,0.007,0,0.001,0.044,0.001,0.0052,0,0,0,0.329,0.243,0.028,0.94,1.66,0.622,0.943,6.9
"106","2014-06-01",0.002,0,0.011,0,0.004,0,0.0165,0.002,0.001,0.0039,0.019,0.003,0.003,0.0686,0,0,0,0.002,0,0,0,0,0.0051,0.002,0.048,0,0.001,0,0,0,0.377,0.158,0.03,0.59,2.35,0.527,1.04,7.5
"107","2014-06-04",0,0,0.006,0.01,0.0062,0,0.0402,0.001,0,0.0079,0.017,0,0,0.24,0.003,0,0.003,0.002,0,0,0.001,0,0,0.001,0.08,0.006,0.0149,0,0,0,2.28,0.109,0,4.7,3.74,1.85,3.11,16.4
"108","2014-06-07",0,0.002,0,0,0.001,0,0.0177,0,0.001,0.002,0,0,0,0.164,0,0,0.001,0.002,0.012,0,0,0,0,0,0.032,0,0.0051,0,0,0,0.106,0.023,0.02,0.262,2.47,0.867,0.502,7
"109","2014-06-10",0,0.002,0.015,0,0.0027,0,0.0598,0.003,0.0016,0.0067,0.007,0,0,0.319,0,0.005,0.003,0.002,0.013,0,0.001,0,0.003,0,0.047,0,0.0187,0,0.001,0,1.88,0.186,0,3.49,2.93,2.04,3.04,12.8
"110","2014-06-13",0,0,0.007,0,0.0015,0,0.0403,0.001,0.0022,0.0056,0,0,0,0.292,0.003,0,0.003,0.001,0.004,0,0,0,0.003,0.001,0.049,0.0163,0.0151,0,0,0,0.519,0.0964,0.0127,1.95,2.36,1.46,1.18,8.1
"111","2014-06-16",0,0.001,0,0,0.0045,0,0.0394,0,0.001,0.0046,0,0,0,0.176,0.002,0,0.002,0.002,0.003,0,0.001,0,0.001,0,0.05,0,0.0207,0,0,0.002,0.287,0.0352,0.0209,0.848,3.27,1.14,0.853,8.6
"112","2014-06-19",0,0,0.032,0,0.001,0,0.0658,0.001,0,0.0051,0,0,0,0.171,0.001,0.004,0.002,0.002,0,0,0,0,0,0.002,0.066,0,0.011,0.002,0,0,0.468,0.04,0.02,0.726,2.71,1.49,1.35,9.3
"113","2014-06-22",0,0,0.043,0,0.001,0,0.014,0.002,0.001,0.0047,0.002,0,0,0.114,0,0,0.001,0.003,0,0,0,0,0,0,0.04,0,0.0055,0.002,0,0,0.319,0.042,0.024,0.852,3.28,0.697,0.859,8.3
"114","2014-06-28",0,0.002,0.029,0,0.0035,0,0.0135,0.002,0,0.0081,0.004,0,0,0.109,0,0,0,0.002,0,0,0,0,0,0.005,0.052,0.001,0.0056,0.001,0,0,0.14,0.0463,0,0.52,3.06,0.892,0.613,9.1
"115","2014-07-10",0,0,0,0.007,0.0033,0,0.0324,0.006,0.0013,0.0047,0.008,0,0,0.216,0.001,0,0.003,0.001,0,0,0,0,0,0,0.045,0.002,0.014,0,0,0.0139,0.562,0.051,0.03,0.635,2.8,1.02,1.91,11.1
"116","2014-07-16",0,0.001,0.013,0,0.0024,0,0.0275,0,0,0.0056,0,0,0,0.138,0,0,0,0,0.009,0,0,0,0.003,0,0.075,0,0.0108,0,0.001,0,0.404,0.065,0.092,0.684,3.16,1.14,1.43,8.8
"117","2014-07-19",0,0.003,0.018,0,0.0048,0,0.0365,0,0.001,0.0072,0,0,0,0.259,0,0,0.003,0.001,0.013,0,0,0,0,0,0.049,0,0.0127,0.002,0,0,0.384,0.0501,0,0.869,3.18,1.33,1.16,8.8
"118","2014-07-22",0.016,0,0.035,0,0.0046,0.006,0.0381,0,0.001,0.0036,0.002,0,0,0.0975,0.002,0,0.002,0.002,0,0,0,0,0,0.003,0.067,0,0.013,0.001,0,0,0.608,0.0908,0,0.881,3.56,1.24,1.88,12
"119","2014-07-25",0,0,0.017,0.002,0.0034,0,0.0329,0.001,0,0.0031,0.005,0,0,0.124,0,0,0.001,0,0,0,0.001,0,0,0,0.035,0.006,0.007,0,0,0,0.117,0.0819,0,0.416,2.79,0.834,0.591,8.2
"120","2014-07-28",0,0,0,0,0.001,0,0.0096,0.002,0,0.002,0,0,0.001,0.0911,0,0,0.001,0,0,0,0,0,0,0.002,0.029,0,0.005,0,0,0,0.197,0.123,0.0371,0.351,1.97,0.837,1.01,6.2
"121","2014-07-31",0.029,0.002,0,0,0.0043,0,0.0203,0.001,0,0.0032,0.008,0,0,0.08,0,0,0.001,0.003,0,0,0,0,0,0.005,0.052,0,0.0088,0,0,0,1.27,0.073,0.036,0.789,3.03,1.21,3.63,15.2
"122","2014-08-03",0.03,0,0.021,0.003,0.0039,0,0.002,0,0,0.0057,0.009,0,0.002,0.188,0,0,0.001,0.002,0.001,0,0,0,0,0.001,0.003,0,0.0041,0,0,0,0.907,0.0437,0.0477,2.09,4.01,0.893,1.52,15.2
"123","2014-08-06",0.026,0,0,0,0.0027,0,0.0138,0,0,0.0023,0.001,0,0,0.1,0.002,0,0.002,0,0,0,0,0.005,0.004,0,0.0325,0,0.0077,0,0,0.001,0.407,0.046,0.077,0.323,3.98,0.914,1.35,12
"124","2014-08-09",0.02,0.002,0,0,0.0018,0.001,0.0238,0,0.001,0.0036,0,0,0,0.118,0,0.003,0.002,0.002,0.019,0,0,0,0.005,0.002,0.038,0.001,0.0075,0,0.001,0,0.15,0.0544,0.033,0.331,3.32,1.05,0.492,9.3
"125","2014-08-15",0,0,0.006,0.004,0.0022,0,0.0145,0,0.0013,0.0042,0.003,0,0,0.119,0,0,0.002,0,0,0,0,0.004,0,0.002,0.043,0,0.0066,0,0,0,0.165,0.0385,0.0293,0.259,2.35,0.603,0.683,6.2
"126","2014-08-18",0,0,0.004,0,0.002,0,0.0105,0,0,0.0035,0.001,0,0,0.107,0.002,0,0.002,0,0,0,0,0,0.002,0,0.039,0,0.003,0,0,0,0.147,0.0327,0.0304,0.227,2.23,0.881,0.578,6.4
"127","2014-08-21",0.012,0.001,0.045,0.008,0.0028,0,0.0583,0.01,0,0.0069,0.008,0,0,0.251,0,0.004,0.003,0.006,0,0,0,0,0.002,0,0.085,0,0.0089,0.002,0,0,0.302,0.0772,0.0341,0.812,2.67,1.26,0.853,8.5
"128","2014-08-24",0,0.002,0.052,0,0.002,0,0.002,0.012,0,0.0058,0.001,0.003,0,0.138,0.003,0,0.001,0.003,0,0,0,0,0,0.003,0.057,0,0.002,0,0,0,0.108,0.051,0.0361,0.377,2.31,0.708,0.473,6.7
"129","2014-08-27",0,0,0.028,0,0.006,0,0.0295,0,0.001,0.0047,0.005,0,0,0.132,0.003,0,0.003,0.002,0.008,0,0,0,0.002,0.0033,0.082,0,0.0154,0,0,0,0.605,0.122,0.062,0.93,0.787,0.162,1.61,14.2
"130","2014-08-30",0,0.001,0.219,0,0.001,0.001,0,0.013,0,0.0136,0.0216,0,0.003,0.0648,0,0,0.003,0.007,0,0,0.001,0,0.001,0,0,0,0,0,0,0.0057,0.163,0.0785,0.0122,0.289,1.62,0.404,0.848,5.3
"131","2014-09-02",0.007,0,0.213,0.005,0.0028,0.004,0.0544,0.001,0.001,0.0054,0.013,0,0,0.187,0.001,0,0.002,0.004,0,0,0,0,0.0081,0.007,0.371,0,0.0072,0,0,0,1.02,0.125,0.0279,0.759,3.09,1.24,3.27,14.4
"132","2014-09-05",0,0.001,0.043,0,0.002,0,0.0213,0,0.001,0.002,0,0,0.004,0.0932,0.001,0,0.001,0.001,0,0,0,0,0.003,0,0.115,0,0.0057,0.002,0,0,1.11,0.118,0.0142,1.1,2.12,0.801,3.08,11
"133","2014-09-08",0.02,0.002,0,0,0.0018,0,0.0198,0,0.001,0.002,0.003,0,0.001,0.214,0,0,0.002,0,0,0,0,0,0.003,0,0.036,0,0.008,0,0,0,0.15,0.0639,0,0.313,2.13,0.826,0.609,8.5
"134","2014-09-14",0,0.001,0,0,0.001,0,0,0,0,0.0029,0.001,0,0,0.0588,0,0,0,0.001,0,0,0,0,0,0.003,0.011,0,0.001,0,0,0.003,0.144,0.0368,0.0141,0.416,1.93,0.486,0.586,5
"135","2014-09-17",0,0,0.029,0,0.0039,0,0.0617,0.001,0.001,0.0027,0.005,0.002,0.001,0.177,0.006,0.014,0.002,0.001,0.005,0,0,0,0.003,0.001,0.084,0,0.0115,0,0,0,0.397,0.06,0.03,0.699,1.86,1.31,1.08,7.1
"136","2014-09-20",0,0,0.001,0.006,0.0035,0,0.014,0.001,0.001,0.005,0.007,0,0,0.104,0,0,0.002,0,0,0,0,0,0,0.002,0.034,0,0.0036,0,0,0,1.06,0.22,0.029,0.568,1.92,0.715,3.31,10
"137","2014-09-23",0.006,0.001,0.014,0,0.0023,0,0.0236,0.002,0,0.0068,0.004,0,0,0.118,0,0,0.001,0.002,0,0,0,0,0.004,0.002,0.053,0,0.0121,0,0,0,0.665,0.04,0.023,0.801,1.78,1.06,1.69,7.7
"138","2014-09-26",0,0.002,0.005,0.007,0.0043,0,0.0386,0.001,0.001,0.0062,0.01,0,0,0.172,0,0,0.002,0.001,0.005,0,0,0,0.001,0,0.067,0,0.0151,0,0,0,0.485,0.0567,0.0227,0.482,2.84,1.03,1.43,9.1
"139","2014-09-29",0,0.002,0.045,0.006,0.0077,0,0.0568,0.002,0.0019,0.0211,0.017,0,0,0.268,0.004,0,0.004,0.005,0,0.003,0.001,0,0.0046,0.007,0.111,0,0.0484,0,0,0.0126,1.3,0.07,0.048,2.9,5.2,2.67,2.01,18.9
"140","2014-10-02",0,0,0.005,0.002,0,0,0.0109,0.002,0.0016,0.0045,0.001,0,0,0.182,0,0,0.002,0.001,0.004,0,0,0,0,0.001,0.031,0,0.0056,0,0,0.0165,0.104,0.069,0.042,0.425,1.41,0.659,0.459,4.3
"141","2014-10-05",0,0.001,0,0,0,0,0.001,0,0,0.0045,0.002,0,0,0.0531,0,0,0.001,0,0,0,0,0,0,0,0.016,0,0.002,0,0,0,0.628,0.04,0.026,0.493,1.93,0.389,1.68,6.2
"142","2014-10-08",0,0,0,0,0.0029,0,0.0169,0,0.0018,0.0099,0.009,0,0,0.111,0.002,0,0.003,0.001,0.003,0.003,0,0,0,0.001,0.057,0,0.0146,0,0.002,0,0.56,0.12,0.036,0.429,2.09,0.668,1.7,6.8
"143","2014-10-11",0,0.001,0,0,0.0021,0,0.0166,0,0.0011,0.0053,0.024,0,0,0.138,0,0,0.002,0.002,0,0,0,0,0.001,0.001,0.026,0.002,0.0141,0,0,0,0.745,0.0434,0.0267,1.93,2.33,1.18,1.15,8.4
"144","2014-10-14",0,0,0,0.003,0.0052,0,0.0132,0,0,0.0026,0.174,0,0.004,0.0731,0,0,0,0,0.011,0,0,0,0.001,0,0.029,0,0.001,0,0,0,0.09,0.35,0.032,0.377,1.44,0.687,0.73,5.5
"145","2014-10-17",0.009,0.002,0.025,0,0.0026,0,0.0146,0.001,0.001,0.0067,0.006,0,0,0.105,0.001,0.018,0.003,0.002,0.018,0,0,0,0,0,0.038,0,0.0152,0,0,0,1.07,0.04,0.024,1.47,2.33,0.927,2.55,9.3
"146","2014-10-20",0.016,0,0.027,0,0.0015,0.012,0.0222,0.004,0.001,0.0029,0.005,0,0,0.0925,0.002,0.006,0.002,0.003,0.004,0,0,0.02,0.002,0,0.042,0,0.0145,0,0,0,0.463,0.05,0.021,0.681,1.86,0.779,1.31,3.3
"147","2014-10-23",0,0,0.046,0,0.002,0,0.001,0.018,0,0.0042,0.003,0,0.001,0.111,0,0.007,0.002,0.006,0,0,0,0.012,0.001,0,0.016,0,0.0057,0,0,0,0.022,0.03,0.015,0.146,1.25,0.646,0.27,2.5
"148","2014-10-26",0,0,0.397,0,0.0025,0,0.0097,0.017,0.0024,0.0197,0.009,0.001,0,0.14,0,0,0.003,0.007,0,0,0,0,0,0,0.035,0,0.001,0,0,0.001,0.44,0.029,0.041,0.317,2.15,0.457,1.12,5.7
"149","2014-11-01",0.005,0,0,0.006,0.001,0,0.0236,0.003,0,0.0018,0.004,0,0.007,0.0664,0,0,0.001,0.004,0,0,0,0.016,0,0,0.023,0,0.0142,0,0,0.0083,0.205,0.047,0.034,0.503,1.97,0.72,0.682,5.7
"150","2014-11-04",0.002,0.001,0.044,0.008,0.0047,0,0.098,0,0,0.0071,0.035,0,0,0.187,0,0,0.005,0.001,0.021,0,0,0,0,0.003,0.13,0,0.0229,0,0,0.0065,0.604,0.064,0.074,0.697,2.98,1.4,1.41,9.7
"151","2014-11-07",0,0,0,0,0.001,0,0.0592,0.008,0,0.005,0.0565,0.001,0.004,0.123,0,0,0.002,0.004,0,0,0,0.004,0.004,0,0.058,0,0.0159,0,0.001,0,0.302,0.049,0.039,0.859,1.9,0.608,0.688,5.3
"152","2014-11-10",0,0.001,0,0.004,0.0027,0,0.0319,0,0,0.0224,0.04,0,0,0.13,0,0,0.001,0.003,0,0.002,0,0,0,0.002,0.048,0.008,0.0141,0,0,0,1.19,0.103,0.074,2.62,3.75,1.72,1.85,12.6
"153","2014-11-13",0,0,0.028,0,0.002,0,0.0389,0.006,0,0.0059,0.0141,0,0.003,0.14,0,0,0.003,0.003,0,0,0,0,0,0,0.048,0,0.0234,0,0,0,0.933,0.03,0.027,2.26,1.85,0.891,1.5,9
"154","2014-11-19",0,0,0,0,0.0033,0.007,0.0209,0.001,0,0.002,0.007,0,0,0.0596,0,0.002,0.002,0.001,0,0,0,0.002,0,0.002,0.021,0,0.0127,0,0,0,1.09,0.074,0.036,2.56,1.64,0.451,1.42,11.9
"155","2014-11-22",0,0.002,0.012,0,0.0044,0.011,0.023,0.001,0.001,0.002,0.0144,0,0,0.0712,0,0.018,0.001,0.002,0.014,0,0,0,0.002,0.001,0.047,0,0.0208,0,0,0,1.68,0.047,0.058,3.77,2.63,0.802,2.17,7.3
"156","2014-11-25",0,0,0,0,0.0015,0,0.0244,0.001,0.001,0.0047,0.004,0,0,0.123,0.002,0,0.001,0.001,0,0,0.001,0,0.001,0.002,0.045,0.005,0.0143,0,0.001,0,0.487,0.052,0.03,0.513,2.64,0.954,1.32,7.6
"157","2014-11-28",0,0,0,0,0.001,0.004,0.0104,0,0,0,0.005,0,0,0.0571,0.002,0.022,0,0.002,0,0,0,0,0,0.001,0.01,0,0.01,0,0,0,0.319,0.04,0.019,0.888,1.62,0.494,0.793,4.4
"158","2014-12-01",0.005,0.001,0.123,0,0.0084,0,0.0249,0.014,0,0.0044,0.0225,0,0.002,0.146,0,0.001,0.003,0.007,0,0,0,0,0,0.002,0.047,0,0.0338,0,0,0,0.872,0.07,0.044,1.6,3.44,1.33,1.86,12.1
"159","2014-12-04",0,0.003,0.002,0.004,0.0031,0,0.0455,0,0.001,0.0044,0.0138,0,0.007,0.115,0.001,0.007,0.003,0.003,0.025,0,0,0.023,0.004,0,0.0518,0.004,0.0291,0,0,0,1.22,0.04,0.039,2.58,1.48,0.515,1.76,8.9
"160","2014-12-07",0.005,0,0,0,0,0.016,0.0349,0,0,0.0023,0.0132,0,0,0.046,0.001,0.002,0,0.003,0.026,0,0,0,0.001,0.001,0.0219,0.006,0.0272,0,0,0,0.462,0.04,0.036,0.803,1.93,0.921,1.13,5.3
"161","2014-12-10",0,0.003,0,0,0,0,0.0106,0.001,0.001,0,0,0,0,0.0769,0,0,0.001,0.002,0,0,0,0,0.003,0,0.015,0,0.0111,0,0,0,0.059,0.031,0.02,0.32,1.36,0.765,0.279,3.9
"162","2014-12-13",0,0,0.007,0,0,0,0.0151,0,0,0.0025,0.0095,0,0,0.0564,0.001,0,0,0.003,0.02,0,0.001,0,0,0.001,0.0233,0.002,0.0155,0,0.002,0,0.638,0.029,0.02,1.02,1.65,0.454,1.34,6.1
"163","2014-12-16",0,0,0,0.019,0.001,0,0.0621,0,0.0015,0.008,0.171,0,0.012,0.266,0.002,0.011,0.001,0.003,0.018,0,0.001,0,0,0.003,0.0572,0,0.043,0,0.001,0,1.7,0.077,0.059,5.27,4.3,2.08,2.14,20.5
"164","2014-12-19",0,0,0.034,0.005,0,0.035,0.0253,0,0,0.001,0.0113,0,0.008,0.062,0,0,0.001,0.002,0.004,0,0,0,0,0,0.041,0,0.0123,0,0,0,0.284,0.046,0.02,0.733,1.55,0.573,0.67,4.3
"165","2014-12-22",0,0,0.031,0,0.002,0,0.0474,0,0,0.0049,0.254,0.002,0,0.149,0.004,0.025,0.001,0.003,0.005,0,0,0,0.001,0.003,0.046,0,0.0423,0,0,0,0.743,0.13,0.073,2.88,3.23,1.13,1.13,12.4
"166","2014-12-25",0,0,0.004,0,0.0014,0,0.007,0.011,0.001,0.0026,0.0092,0.001,0,0.103,0.002,0,0.001,0.005,0.011,0,0,0.011,0.002,0,0.0128,0.014,0.008,0,0,0,0.157,0.07,0.028,0.308,1.91,0.536,0.6,4.9
"167","2014-12-28",0,0,0.048,0,0.0061,0.009,0.0223,0.001,0.001,0.003,0.0468,0,0,0.0488,0,0.026,0.001,0.003,0.005,0,0,0,0.004,0.001,0.0273,0,0.0113,0,0,0,1.08,0.0698,0.0461,3.06,3.8,0.834,1.32,13.3
"168","2014-12-31",0,0,0.029,0.01,0.0029,0.022,0.0305,0.004,0,0.0017,0.013,0,0.002,0.101,0,0,0.001,0.003,0.02,0,0.001,0,0.002,0.001,0.0396,0,0.0169,0,0,0,0.95,0.041,0.044,2.01,2.33,0.655,1.41,9
